,卡名,年費,國內消費現金回饋,國內消費現金回饋備註,國外消費現金回饋,國外消費現金回饋備註,分期零利率,分期零利率回饋備註,最低可分期金額,最低可分期金額備註,加油現金回饋,加油現金回饋備註,加油優惠,加油優惠備註,國內哩程累積,國內哩程累積備註,國外哩程累積,國外哩程累積備註,首刷里程回饋,首刷里程回饋備註,首刷(類)現金回饋,國首刷(類)現金回饋備註,週末電影折扣,週末電影折扣備註,平日電影折扣,平日電影折扣備註,,數位通路回饋上限,數位通路回饋上限備註,網購回饋,網購回饋備註
0,渣打銀行 現金回饋御璽卡,首年免年費,6.88%,2020/03/31前新戶完成指定任務享最高6.88%現金回饋(上限$350)，消費滿1萬以上加送24吋行李箱,6.88%,2020/03/31前新戶完成指定任務享最高6.88%現金回饋(上限$350)，消費滿1萬以上加送24吋行李箱,,,,,,,,,,,,,,,,,,,,,,,,,
1,彰化銀行 My樂現金回饋卡,首年免年費,3.50%,國內0.5%+指定通路2.5%,3%,不限通路、無消費門檻、回饋無上限,,,,,,,,,,,,,,,,,,,,,,,,,
2,花旗銀行 現金回饋PLUS卡,首年免年費,3.50%,指定通路最高回饋,2%,國外網站、海外指定國家實體商店(含原0.5%基本回饋),,,,,,,,,,,,,,,,,,,,,,,,,
3,第一銀行 一卡通聯名卡,首年免年費,3.50%,於國內消費,1%,新卡於國外消費享限時加碼現金回饋,,,,,,,,,,,,,,,,,,,,,,,,,
4,遠東商銀 快樂信用卡,首年免年費,3.50%,刷卡每100元指定特店最高享HAPPY GO點數3倍 (含原有點數),0%,於國外消費達檻享最高現金回饋,,,,,,,,,,,,,,,,,,,,,,,,,
5,聯邦銀行 賴點一卡通御璽卡,首年免年費,3%,Line Point回饋,2%,Line Point回饋,,,,,,,,,,,,,,,,,,,,,,,,,
6,永豐銀行 DAWHO現金回饋信用卡,"NT$3,000 ",3%,基本回饋一般消費國內1%；指定任務綁定享加碼1%回饋,2%,基本回饋一般消費國外2%；指定任務綁定享加碼1%,,,,,,,,,,,,,,,,,,,,,,,,,
7,遠東商銀 Bankee信用卡,首年免年費,3%,指定通路回饋外送10%、交通20%,1.20%,基本回饋0.15%；2020/3/31前Bankee信用卡綁定數位存款帳戶自動扣繳信用卡帳款，即享國內一般消費基本回饋1.2%金讚點數、海外一般消費回饋3%金讚點數,,,,,,,,,,,,,,,,,,,,,,,,,
8,元大銀行 鑽金卡,"NT$1,800 ",3%,於國內消費,1.20%,於國外消費，指定國家消費可享3%回饋,,,,,,,,,,,,,,,,,,,,,,,,,
9,元大銀行 鑽金 icash 聯名卡,"NT$1,800 ",3%,於國內消費,1.20%,於國外消費,,,,,,,,,,,,,,,,,,,,,,,,,
10,上海商銀 簡單卡,首年免年費,3%,於國內消費,1%,於日韓消費,,,,,,,,,,,,,,,,,,,,,,,,,
11,台北富邦 J卡,首年免年費,3%, ,1%,日本地區消費3%回饋無上限,,,,,,,,,,,,,,,,,,,,,,,,,
12,新光銀行 寰宇現金回饋卡,首年免年費,3%, ,1%,於國外消費,,,,,,,,,,,,,,,,,,,,,,,,,
13,台北富邦 momo卡,首年免年費,3%,momo幣回饋,1%,含權益1%+首年上市加碼2%。momo幣回饋,,,,,,,,,,,,,,,,,,,,,,,,,
14,兆豐銀行 利多御璽商旅卡,"NT$3,000 ",3%,於國內消費,0.60%,活動期間申辦之全新卡友,,,,,,,,,,,,,,,,,,,,,,,,,
15,台新銀行 FlyGo卡,"NT$4,500 ",2.80%,於國內消費,1.20%,綁定Richart帳戶於國外消費,,,,,,,,,,,,,,,,,,,,,,,,,
16,中國信託 LINE Pay卡,"NT$1,800 ",2.80%,於國內消費LINE POINT回饋,1%,於國外消費LINE POINT回饋,,,,,,,,,,,,,,,,,,,,,,,,,
17,中國信託 雙幣商務卡,"NT$4,500 ",2.80%,於國內消費,0%,於國外消費達門檻最高可享2.8％回饋,,,,,,,,,,,,,,,,,,,,,,,,,
18,玉山銀行 玉山 Pi 拍兔 Debit 卡,NT$0 ,2.50%,P幣回饋,2.50%,P幣回饋,,,,,,,,,,,,,,,,,,,,,,,,,
19,星展銀行 炫晶御璽卡,首年免年費,2.50%,不限通路、無消費門檻、回饋無上限,1.20%,不限通路、無消費門檻、回饋無上限,,,,,,,,,,,,,,,,,,,,,,,,,
20,中國信託 中信商旅鈦金卡,首年免年費,2.50%, ,1%, ,,,,,,,,,,,,,,,,,,,,,,,,,
21,華南銀行 享利樂活Combo卡,"NT$2,400 ",2.50%,於國內消費,1%,已申請電子帳單者於國外消費,,,,,,,,,,,,,,,,,,,,,,,,,
22,陽信銀行 曜晶卡,"NT$2,400 ",2.50%,於國內消費,0.60%,於國外消費,,,,,,,,,,,,,,,,,,,,,,,,,
23,中國信託 現金回饋鈦金卡,首年免年費,2.50%,於國內消費,0.50%,於國外消費達門檻最高享2.5%回饋,,,,,,,,,,,,,,,,,,,,,,,,,
24,中國信託 TAIPEI 101 夜光聯名卡,NT$300 ,2.50%,於國內消費,0.50%,於國外消費,,,,,,,,,,,,,,,,,,,,,,,,,
25,中國信託 Global Mall 聯名卡,"NT$1,500 ",2.50%,於國內消費,0.50%,於國外消費,,,,,,,,,,,,,,,,,,,,,,,,,
26,台新銀行 商務卡,"NT$4,500 ",2.50%,於國內消費,0%,於國外消費,,,,,,,,,,,,,,,,,,,,,,,,,
27,上海商銀 小小兵Bello回饋卡,首年免年費,2.23%,不限通路、無消費門檻、回饋無上限,1.23%,不限通路、無消費門檻、回饋無上限,,,,,,,,,,,,,,,,,,,,,,,,,
28,?豐銀行 現金回饋御璽卡,首年免年費,2.22%,指定通路最高回饋,10%,"無消費門檻/通路限制/級距門檻，年累計最高回饋之現金積點國外消費以30,000點為上限",,,,,,,,,,,,,,,,,,,,,,,,,
29,元大銀行 Wi-Ho!Online聯名卡,"NT$1,800 ",2.20%,於國內消費,1.20%,於國外消費,,,,,,,,,,,,,,,,,,,,,,,,,
30,元大銀行 鑽金一卡通聯名卡,"NT$1,800 ",2.20%,於國內消費,1.20%,於國外消費,,,,,,,,,,,,,,,,,,,,,,,,,
31,元大銀行 Hello Kitty鑽金聯名卡,"NT$1,800 ",2.20%, ,1.20%, ,,,,,,,,,,,,,,,,,,,,,,,,,
32,元大銀行 富貴無限卡,"NT$20,000 ",2.20%,於指定百貨/量販店/代扣繳保費享1.2％,1.20%,於國外消費,,,,,,,,,,,,,,,,,,,,,,,,,
33,元大銀行 iCash樂享晶緻卡,"NT$3,000 ",2%,於國內消費,2%,於國外消費,,,,,,,,,,,,,,,,,,,,,,,,,
34,元大銀行 iPASS現賺御璽卡,"NT$3,000 ",2%,於國內消費達指定門檻；指定網路消費可享2%回饋,1.10%,於國外消費,,,,,,,,,,,,,,,,,,,,,,,,,
35,第一銀行 鈦金商旅卡,"NT$2,000 ",2%,於國內消費,1%,於國外消費,,,,,,,,,,,,,,,,,,,,,,,,,
36,永豐銀行 現金回饋卡,"NT$3,000 ",2%,於國內消費,1%,於國外消費,,,,,,,,,,,,,,,,,,,,,,,,,
37,日盛銀行 無限卡,"NT$5,000 ",2%,於國內消費,0.80%,於國外消費,,,,,,,,,,,,,,,,,,,,,,,,,
38,永豐銀行 雙幣卡,"NT$3,000 ",2%,於國內消費,0.67%,於國外消費,,,,,,,,,,,,,,,,,,,,,,,,,
39,國泰世華 現金回饋御璽卡 ,"NT$1,800 ",2%,一般國內消費享0.5%現金回饋，無通路限制、無級距門檻、無回饋上限,0.50%,一般國外消費享2%,,,,,,,,,,,,,,,,,,,,,,,,,
40,上海商銀 TeresaCard,"NT$1,200 ",2%,於國內消費,0.30%,於指定國家消費最高享2％回饋,,,,,,,,,,,,,,,,,,,,,,,,,
41,合作金庫 雙幣信用卡,"NT$1,800 ",2%,於國內消費,0.30%,於國外消費,,,,,,,,,,,,,,,,,,,,,,,,,
42,臺灣企銀 故宮之友認同卡,"NT$2,400 ",2%,於國內消費,0.20%,於國外消費,,,,,,,,,,,,,,,,,,,,,,,,,
43,王道銀行 cama caf?聯名卡,首年免年費,1.80%,達門檻享一般國內消費1.3%,1.30%,達門檻於國外消費現金回饋,,,,,,,,,,,,,,,,,,,,,,,,,
44,王道銀行 FunNow聯名卡,NT$0 ,1.80%,達門檻於國內消費現金回饋,1.30%,達門檻於國外消費現金回饋,,,,,,,,,,,,,,,,,,,,,,,,,
45,華南銀行 旅鑽商務御璽卡,"NT$2,400 ",1.80%,於國內消費達門檻，最高享1.2%回饋,1.20%,於國外消費達門檻，最高1.8%回饋,,,,,,,,,,,,,,,,,,,,,,,,,
46,日盛銀行 商務御璽卡,"NT$2,000 ",1.80%,於國內消費,0.60%,於國外消費,,,,,,,,,,,,,,,,,,,,,,,,,
47,新光銀行 新光三越聯名卡,首年免年費,1.80%,於國內消費,0%, ,,,,,,,,,,,,,,,,,,,,,,,,,
48,國泰世華 享購鈦金卡,首年免年費,1.70%,"一般消費均享0.5%回饋，消費達NT$3,000~NT$7,999享額外加碼0.2%(即回饋0.7%)，達NT$8,000以上享額外加碼0.5%，即最高1%現金回饋",1%,無級距門檻，無回饋上限,,,,,,,,,,,,,,,,,,,,,,,,,
49,永豐銀行 無限卡,"NT$20,000 ",1.68%,於國內消費,0.68%,於國外消費,,,,,,,,,,,,,,,,,,,,,,,,,
50,王道銀行 公益認同卡,首年免年費,1.60%,達門檻於國內消費現金回饋,1.10%,達門檻於國外消費現金回饋,,,,,,,,,,,,,,,,,,,,,,,,,
51,台新銀行 台新街口聯名卡,首年免年費,1.50%,綁定街口支付不限通路最高回饋,6%,一般消費(非街口支付掃碼),,,,,,,,,,,,,,,,,,,,,,,,,
52,台灣樂天 樂天信用卡,NT$0 ,1.50%,樂天饗宴活動期間餐廳最高6%,6%,於日本消費手續費最高回饋1.5%,,,,,,,,,,,,,,,,,,,,,,,,,
53,聯邦銀行 幸福御守御璽卡,"NT$2,000 ",1.50%,偶數日活動登錄成功，ㄧ般消費享0.5%回饋,2%,於國外消費,,,,,,,,,,,,,,,,,,,,,,,,,
54,台新銀行 @GoGo iCash御璽卡,首年免年費,1.50%,於國內消費，綁定Richart帳戶可再加碼1%,1.50%,於國外消費，綁定Richart帳戶可再加碼1%,,,,,,,,,,,,,,,,,,,,,,,,,
55,第一銀行 iLeo卡,首年免年費,1.50%, ,1.50%, ,,,,,,,,,,,,,,,,,,,,,,,,,
56,兆豐銀行 Gogoro 聯名卡,"NT$3,000 ",1.50%,符合條件於國內消費,1.50%,符合條件於國內消費,,,,,,,,,,,,,,,,,,,,,,,,,
57,台新銀行 遠傳friDay聯名卡,"NT$3,000 ",1.50%,於國內消費,1.50%,於國外消費,,,,,,,,,,,,,,,,,,,,,,,,,
58,兆豐銀行 Mega One 一卡通聯名卡,NT$0 ,1.50%,於國內消費,1%,於國外消費,,,,,,,,,,,,,,,,,,,,,,,,,
59,台新銀行 亞洲無限卡,"NT$10,000 ",1.50%,代繳指定保費,1%,於國外消費,,,,,,,,,,,,,,,,,,,,,,,,,
60,台新銀行 環球無限卡,"NT$30,000 ",1.50%,代繳指定保費,1%,於國外消費,,,,,,,,,,,,,,,,,,,,,,,,,
61,台北富邦 IMPERIAL尊御世界卡,"NT$25,000 ",1.50%,於國內消費,0.80%,於國外消費,,,,,,,,,,,,,,,,,,,,,,,,,
62,凱基銀行 現金回饋鈦金卡 ,"NT$3,000 ",1.50%, ,0.70%,持卡未滿13個月享0.7%回饋；持現金回饋卡13個月起享1%回饋；持現金回饋卡25個月起享1.2%回饋；持現金回饋卡37個月起享1.5%回饋,,,,,,,,,,,,,,,,,,,,,,,,,
63,凱基銀行 現金回饋御璽卡 ,"NT$3,000 ",1.50%, ,0.70%,持卡未滿13個月享0.7%回饋；持現金回饋卡13個月起享1%回饋；持現金回饋卡25個月起享1.2%回饋；持現金回饋卡37個月起享1.5%回饋,,,,,,,,,,,,,,,,,,,,,,,,,
64,上海商銀 小小兵BeeDo分期卡,首年免年費,1.50%, ,0.60%, ,,,,,,,,,,,,,,,,,,,,,,,,,
65,玉山銀行 雙幣信用卡,首年免年費,1.50%,於國內消費,0.60%,於國外消費免收1.5%國外交易服務費,,,,,,,,,,,,,,,,,,,,,,,,,
66,彰化銀行 商旅御璽卡,"NT$2,000 ",1.50%,於國內消費,0.60%,於國外消費,,,,,,,,,,,,,,,,,,,,,,,,,
67,永豐銀行 夢行卡,"NT$3,000 ",1.50%, ,0.60%, ,,,,,,,,,,,,,,,,,,,,,,,,,
68,兆豐銀行 e秒刷鈦金卡,NT$0 ,1.50%,於國內消費,0.50%,全新卡友於國外消費,,,,,,,,,,,,,,,,,,,,,,,,,
69,台新銀行 昇恆昌聯名卡,NT$300 ,1.50%,於國內消費,0.50%,於國外消費,,,,,,,,,,,,,,,,,,,,,,,,,
70,元大銀行 分享黑啤卡,"NT$1,800 ",1.50%, ,0.50%, ,,,,,,,,,,,,,,,,,,,,,,,,,
71,花旗銀行 PChome Prime聯名卡,"NT$2,400 ",1.50%,國內一般消費享0.5%回饋,0.50%,國外實體及網路通路消費享1.5%回饋,,,,,,,,,,,,,,,,,,,,,,,,,
72,合作金庫 JCB悠遊晶緻卡,"NT$1,800 ",1.50%,於國內消費,0.30%,於國外消費,,,,,,,,,,,,,,,,,,,,,,,,,
73,臺灣企銀 北港朝天宮媽祖認同卡,"NT$2,400 ",1.50%,於國內差旅消費,0.30%,於國外消費,,,,,,,,,,,,,,,,,,,,,,,,,
74,臺灣銀行 鈦金商旅卡,"NT$2,400 ",1.50%,於國內消費達門檻最高可享1.2%回饋,0.20%,於國外消費,,,,,,,,,,,,,,,,,,,,,,,,,
75,永豐銀行 Prestige美國運通卡,NT$300 ,1.20%,於國內消費，家樂福購物達門檻最高加碼3%回饋,1.20%,於國外消費,,,,,,,,,,,,,,,,,,,,,,,,,
76,陽信銀行 一卡通聯名鈦金卡,"NT$1,800 ",1.10%,於國內消費,1.10%,於國外消費,,,,,,,,,,,,,,,,,,,,,,,,,
77,星展銀行 everyday鈦金卡,首年免年費,1%,於六大指定通路消費之等值換算,1%,於六大指定通路消費之等值換算,,,,,,,,,,,,,,,,,,,,,,,,,
78,玉山銀行 U Bear信用卡,首年免年費,1%,於國內消費,1%,於國外消費,,,,,,,,,,,,,,,,,,,,,,,,,
79,王道銀行 簽帳金融卡,NT$0 ,1%,不限通路回饋無上限,1%,不限通路回饋無上限,,,,,,,,,,,,,,,,,,,,,,,,,
80,華南銀行 超級現金回饋卡,"NT$1,200 ",1%,於國內消費,1%,於國外消費,,,,,,,,,,,,,,,,,,,,,,,,,
81,台中商銀 JCB哆啦A夢晶緻卡,"NT$1,200 ",1%,於國內消費,1%,於國外消費,,,,,,,,,,,,,,,,,,,,,,,,,
82,合作金庫 利high卡,"NT$1,800 ",1%,於國內消費,1%,於國外消費,,,,,,,,,,,,,,,,,,,,,,,,,
83,合作金庫 卡娜赫拉的小動物 icash 聯名卡,"NT$1,800 ",1%,於國內消費,1%,於國外消費,,,,,,,,,,,,,,,,,,,,,,,,,
84,凱基銀行 魔fun悠遊御璽卡,"NT$1,800 ",1%,於國內消費達門檻,1%,於國外消費達門檻,,,,,,,,,,,,,,,,,,,,,,,,,
85,土地銀行 JCB一卡通聯名晶緻卡,"NT$2,000 ",1%,於國內消費,1%,於國外消費,,,,,,,,,,,,,,,,,,,,,,,,,
86,凱基銀行 中壽聯名卡,"NT$3,000 ",1%,於國內消費,1%,於國外消費,,,,,,,,,,,,,,,,,,,,,,,,,
87,土地銀行 白金商務卡,"NT$3,000 ",1%,於國內消費達指定門檻最高享1%現金回饋,1%,於國外消費,,,,,,,,,,,,,,,,,,,,,,,,,
88,元大銀行 藝術白金卡,NT$900 ,1%,於國內消費,0.50%,於國外消費,,,,,,,,,,,,,,,,,,,,,,,,,
89,玉山銀行 漢神巨蛋聯名卡,首年免年費,1%,館外一般消費,0.30%, ,,,,,,,,,,,,,,,,,,,,,,,,,
90,合作金庫 漢來美食聯名卡,"NT$1,800 ",1%,於國內消費,0.30%,於國外消費,,,,,,,,,,,,,,,,,,,,,,,,,
91,玉山銀行 玉山世界卡,首年免年費,1%,於國內消費,0%,於國外消費,,,,,,,,,,,,,,,,,,,,,,,,,
92,兆豐銀行 世界卡,"NT$10,000 ",1%,於國內消費,0%,於國外消費,,,,,,,,,,,,,,,,,,,,,,,,,
93,安泰銀行 晶緻卡,NT$0 ,0.75%,於國內消費,0.25%,於國外消費,,,,,,,,,,,,,,,,,,,,,,,,,
94,安泰銀行 鈦金卡,NT$0 ,0.75%,於國內消費達門檻最高享1.2%回饋,0.25%,於國外消費,,,,,,,,,,,,,,,,,,,,,,,,,
95,聯邦銀行 理財型白金卡 ,首年免年費,0.70%,於國內消費,0.70%,於國外消費,,,,,,,,,,,,,,,,,,,,,,,,,
96,三信銀行 VISA白金卡,NT$300 ,0.70%,於國內消費,0.70%,於國外消費,,,,,,,,,,,,,,,,,,,,,,,,,
97,台北富邦 數位生活卡,"NT$1,500 ",0.70%,於國內消費,0.70%,於國外消費,,,,,,,,,,,,,,,,,,,,,,,,,
98,台北富邦 鑽保卡,"NT$1,500 ",0.70%,於國內消費,0.70%,於國外消費,,,,,,,,,,,,,,,,,,,,,,,,,
99,永豐銀行 Me Card,"NT$3,000 ",0.67%,指定保費代繳享1%回饋,0.67%,於國外消費,,,,,,,,,,,,,,,,,,,,,,,,,
100,永豐銀行 鈦豐卡,"NT$3,000 ",0.67%,指定保費代繳享1%回饋,0.67%,於國外消費,,,,,,,,,,,,,,,,,,,,,,,,,
101,中國信託 寰遊美國運通卡,首年免年費,0.60%,於指定通路消費，家樂福購物達門檻最高加碼3%回饋,1%,於國外消費,,,,,,,,,,,,,,,,,,,,,,,,,
102,玉山銀行 幸運鈦金卡,首年免年費,0.60%,於國內消費達門檻，最高可享0.6%回饋,0.60%,於國外消費達門檻，最高可享0.6%回饋,,,,,,,,,,,,,,,,,,,,,,,,,
103,玉山銀行 幸運PLUS鈦金卡,首年免年費,0.60%,於國內消費達門檻，最高可享0.6%，每週三玉山日消費再加碼1%,0.60%,國外消費達門檻最高享0.6%，每週三玉山日消費再加碼1%,,,,,,,,,,,,,,,,,,,,,,,,,
104,聯邦銀行 樂活悠遊御璽卡,首年免年費,0.50%,偶數日活動登錄成功，ㄧ般消費享0.5%回饋,2%,於國外消費,,,,,,,,,,,,,,,,,,,,,,,,,
105,第一銀行 Wonderful星璨卡,"NT$1,200 ",0.50%,於國內指定通路消費,2%,於國外消費,,,,,,,,,,,,,,,,,,,,,,,,,
106,日盛銀行 GOGO卡,"NT$1,500 ",0.50%,於國內四大通路消費並達指定門檻，最高享2%,2%,於國外消費,,,,,,,,,,,,,,,,,,,,,,,,,
107,星展銀行 豐盛無限卡,"NT$3,600 ",0.50%, ,1%, ,,,,,,,,,,,,,,,,,,,,,,,,,
108,國泰世華 國泰人壽聯名卡,首年免年費,0.50%,於國內消費,0.50%,於國外消費,,,,,,,,,,,,,,,,,,,,,,,,,
109,聯邦銀行 農金一卡通聯名卡,首年免年費,0.50%,於國內消費,0.50%,於國外消費,,,,,,,,,,,,,,,,,,,,,,,,,
110,聯邦銀行 F1 加油卡,首年免年費,0.50%,於國內消費,0.50%,於國外消費,,,,,,,,,,,,,,,,,,,,,,,,,
111,台新銀行 燦坤生活聯名卡,"NT$1,500 ",0.50%,於國內消費,0.50%,於國外消費,,,,,,,,,,,,,,,,,,,,,,,,,
112,台北富邦 財神卡,"NT$1,500 ",0.50%,於國內消費,0.50%,於國外消費,,,,,,,,,,,,,,,,,,,,,,,,,
113,台北富邦 台灣大哥大悠遊聯名卡,"NT$1,500 ",0.50%,於國內消費,0.50%,於國外消費,,,,,,,,,,,,,,,,,,,,,,,,,
114,臺灣企銀 悠遊聯名卡,"NT$2,400 ",0.50%,消費達指定門檻最高享0.5%回饋,0.50%,消費達指定門檻最高享0.5%回饋,,,,,,,,,,,,,,,,,,,,,,,,,
115,台新銀行 三商美邦人壽聯名卡,"NT$3,000 ",0.50%,繳三商美邦保費並達門檻,0.50%,於國外消費,,,,,,,,,,,,,,,,,,,,,,,,,
116,兆豐銀行 幸福卡,"NT$1,500 ",0.50%,於國內消費,0.30%,於國外消費,,,,,,,,,,,,,,,,,,,,,,,,,
117,元大銀行 世界卡,"NT$5,000 ",0.50%,於國內消費,0.30%,於國外消費,,,,,,,,,,,,,,,,,,,,,,,,,
118,國泰世華 蝦皮購物聯名卡,首年免年費,0.50%, ,不適用,蝦皮購物站外消費最高蝦幣回饋,,,,,,,,,,,,,,,,,,,,,,,,,
119,土地銀行 國際信用卡,"NT$1,200 ",0.40%,於國內消費,0.40%,於國外消費,,,,,,,,,,,,,,,,,,,,,,,,,
120,玉山銀行 家樂福悠遊聯名卡,首年免年費,0.33%,於家樂福消費累積紅利兌換現金點數,0.67%,於國外消費,,,,,,,,,,,,,,,,,,,,,,,,,
121,玉山銀行 家樂福icash聯名卡,首年免年費,0.33%,於家樂福消費累積紅利兌換現金點數,0.67%,於國外消費,,,,,,,,,,,,,,,,,,,,,,,,,
122,新光銀行 魔法少女一卡通鈦金卡,首年免年費,0.30%,於指定通路消費,1.20%,於國外消費,,,,,,,,,,,,,,,,,,,,,,,,,
123,新光銀行 悠遊聯名卡,"NT$2,000 ",0.30%,於指定通路消費,1.20%,於國外消費,,,,,,,,,,,,,,,,,,,,,,,,,
124,台新銀行 太陽卡,NT$300 ,0.30%,台新自由選方案指定類別消費享0.6%~1.2%現金回饋,1.20%,於國外消費,,,,,,,,,,,,,,,,,,,,,,,,,
125,台新銀行 玫瑰卡,NT$300 ,0.30%,台新自由選方案指定類別消費享0.6%~1.2%現金回饋,1.20%,於國外消費,,,,,,,,,,,,,,,,,,,,,,,,,
126,台新銀行 ETC聯名卡,"NT$1,500 ",0.30%,台新自由選方案指定類別消費享0.6%~1.2%現金回饋,1.20%,於國外消費,,,,,,,,,,,,,,,,,,,,,,,,,
127,第一銀行 i-Fun愛玩樂卡,"NT$1,200 ",0.30%,於指定通路消費,1%,於國外消費,,,,,,,,,,,,,,,,,,,,,,,,,
128,聯邦銀行 順發聯名卡,首年免年費,0.30%,於店內消費最高可享0.8%現金回饋,0.80%,於國外消費,,,,,,,,,,,,,,,,,,,,,,,,,
129,國泰世華 KOKO COMBO icash聯名卡,首年免年費,0.30%,於國內消費,0.30%,於國外消費,,,,,,,,,,,,,,,,,,,,,,,,,
130,彰化銀行 JCB悠遊晶緻卡,"NT$1,200 ",0.30%,於國內消費,0.30%,於國外消費,,,,,,,,,,,,,,,,,,,,,,,,,
131,彰化銀行 VISA一卡通御璽卡,"NT$1,200 ",0.30%,於國內消費,0.30%,於國外消費,,,,,,,,,,,,,,,,,,,,,,,,,
132,國泰世華 KOKO icash聯名卡,"NT$1,800 ",0.30%,於國內消費,0.30%,於國外消費,,,,,,,,,,,,,,,,,,,,,,,,,
133,渣打銀行 昇利卡(現金回饋),首年免年費,0.25%,於國內消費,0.25%,於國外消費,,,,,,,,,,,,,,,,,,,,,,,,,
134,日盛銀行 ALL PASS卡,"NT$1,500 ",0.22%,於國內消費,0.22%,於國外消費,,,,,,,,,,,,,,,,,,,,,,,,,
135,台新銀行 賓士smart聯名卡,NT$0 ,0.20%,於國內消費,0.50%,於國外消費,,,,,,,,,,,,,,,,,,,,,,,,,
136,玉山銀行 eTag悠遊聯名卡,首年免年費,0.20%,於國內消費,0.20%,於國外消費,,,,,,,,,,,,,,,,,,,,,,,,,
137,台新銀行 全家Fish悠遊聯名卡,NT$300 ,0.20%,於國內消費,0.20%,於國外消費,,,,,,,,,,,,,,,,,,,,,,,,,
138,兆豐銀行 中興保全聯名卡,NT$600 ,0.20%,於國內消費,0.20%,於國外消費,,,,,,,,,,,,,,,,,,,,,,,,,
139,華南銀行 LOVE晶緻悠遊聯名卡－酷愛黑卡,"NT$1,200 ",0.20%,於國內消費達門檻，享0.2%~2%回饋,0.20%,於國外消費達門檻，享0.2%~2%回饋,,,,,,,,,,,,,,,,,,,,,,,,,
140,華南銀行 櫃買贏家生活卡,"NT$1,200 ",0.20%,於國內消費達門檻，享0.2%~5%回饋,0.20%,於國外消費達門檻，享0.2%~5%回饋,,,,,,,,,,,,,,,,,,,,,,,,,
141,永豐銀行 VOGUE聯名卡,NT$300 ,0.10%,於國內消費達門檻,1.20%,於國外消費,,,,,,,,,,,,,,,,,,,,,,,,,
142,玉山銀行 iCash聯名卡,首年免年費,0%,於指定網路通路購物,5%,於國外消費,,,,,,,,,,,,,,,,,,,,,,,,,
143,玉山銀行 商務御璽卡,首年免年費,0%,於高鐵、旅行社、免稅店消費,5%,於國外消費,,,,,,,,,,,,,,,,,,,,,,,,,
144,華南銀行 i網購生活卡,"NT$1,200 ",0%,於網路通路消費,2.50%,於國外消費,,,,,,,,,,,,,,,,,,,,,,,,,
145,元大銀行 愛PASS鈦金卡,"NT$3,000 ",0%,於指定通路消費,2%,於國外消費,,,,,,,,,,,,,,,,,,,,,,,,,
146,聯邦銀行 微風聯名卡,首年免年費,0%,微風指定館別滿額消費最優享1.5%,1.50%,於國外消費,,,,,,,,,,,,,,,,,,,,,,,,,
147,元大銀行 分享卡,"NT$3,000 ",0%,繳指定保費,1.18%,於國外消費,,,,,,,,,,,,,,,,,,,,,,,,,
148,國泰世華 台塑聯名卡,首年免年費,0%,於指定台塑通路消費享加油金回饋,1%,於國外消費,,,,,,,,,,,,,,,,,,,,,,,,,
149,台新銀行 新光三越聯名卡,NT$0 ,0%,於新光三越消費,1%,於國外消費,,,,,,,,,,,,,,,,,,,,,,,,,
150,台新銀行 大潤發/大買家聯名卡,NT$300 ,0%,於加油、餐廳類消費,1%,於國外消費,,,,,,,,,,,,,,,,,,,,,,,,,
151,元大銀行 樂遊卡,NT$600 ,0%,於國內消費,1%,於國外消費,,,,,,,,,,,,,,,,,,,,,,,,,
152,兆豐銀行 悠遊聯名卡,NT$600 ,0%,於國內消費,1%,於國外消費,,,,,,,,,,,,,,,,,,,,,,,,,
153,第一銀行 媚儷鈦金卡,"NT$1,200 ",0%,於國內消費,1%,於國外消費,,,,,,,,,,,,,,,,,,,,,,,,,
154,高雄銀行 高雄going鈦金卡,"NT$2,600 ",0%,於國內消費,1%,於國外消費,,,,,,,,,,,,,,,,,,,,,,,,,
155,玉山銀行 佐登妮絲聯名卡,"NT$3,000 ",0%,於國內消費,0.60%,於國外消費,,,,,,,,,,,,,,,,,,,,,,,,,
156,國泰世華 COSTCO聯名卡,"NT$1,800 ",0%,於COSTCO賣場外消費,0.50%,於國外消費,,,,,,,,,,,,,,,,,,,,,,,,,
157,渣打銀行 優先理財無限卡,首年免年費,0%,"代扣繳保險費單筆金額達NT$50,000，不含國外或外幣保單交易，享1%現金回饋無上限",0%,國外消費享6倍紅利 (一般刷卡消費每NT$10可獲得1點紅利積點),,,,,,,,,,,,,,,,,,,,,,,,,
158,玉山銀行 悠遊聯名卡,首年免年費,0%,於國內消費,0%,於國外消費,,,,,,,,,,,,,,,,,,,,,,,,,
159,玉山銀行 山隆優油卡,首年免年費,0%,於國內消費,0%,於國外消費,,,,,,,,,,,,,,,,,,,,,,,,,
160,玉山銀行 統一時代icash聯名卡,首年免年費,0%,於國內消費,0%,於國外消費,,,,,,,,,,,,,,,,,,,,,,,,,
161,玉山銀行 中友百貨悠遊聯名卡,首年免年費,0%,於國內消費,0%,於國外消費,,,,,,,,,,,,,,,,,,,,,,,,,
162,玉山銀行 全國電子聯名卡,首年免年費,0%,於國內消費,0%,於國外消費,,,,,,,,,,,,,,,,,,,,,,,,,
163,玉山銀行 寶雅悠遊聯名卡,首年免年費,0%,於國內消費,0%,於國外消費,,,,,,,,,,,,,,,,,,,,,,,,,
164,玉山銀行 新東陽悠遊聯名卡,首年免年費,0%,於國內消費,0%,於國外消費,,,,,,,,,,,,,,,,,,,,,,,,,
165,玉山銀行 NISSAN悠遊聯名卡,首年免年費,0%,於國內消費,0%,於國外消費,,,,,,,,,,,,,,,,,,,,,,,,,
166,玉山銀行 賀寶芙悠遊聯名卡,首年免年費,0%,於國內消費,0%,於國外消費,,,,,,,,,,,,,,,,,,,,,,,,,
167,玉山銀行 麗寶悠遊聯名卡,首年免年費,0%,於國內網路購物、指定交通及國外消費,0%,於國外消費,,,,,,,,,,,,,,,,,,,,,,,,,
168,玉山銀行 Pi 拍錢包信用卡,首年免年費,0%,於國內消費,0%,於國外消費,,,,,,,,,,,,,,,,,,,,,,,,,
169,玉山銀行 南山悠遊聯名卡,首年免年費,0%,於國內消費,0%,於國外消費,,,,,,,,,,,,,,,,,,,,,,,,,
170,玉山銀行 愛心卡,首年免年費,0%,於國內消費,0%,於國外消費,,,,,,,,,,,,,,,,,,,,,,,,,
171,國泰世華 長榮聯名御璽卡,首年免年費,0%,於國內消費,0%,於國外消費,,,,,,,,,,,,,,,,,,,,,,,,,
172,中國信託 中信兄弟聯名卡,首年免年費,0%,於國內消費,0%,於國外消費,,,,,,,,,,,,,,,,,,,,,,,,,
173,中國信託 Yahoo聯名卡,首年免年費,0%,ㄧ般消費回饋超贈點，於Yahoo購物最高享6%回饋,0%,ㄧ般消費回饋超贈點,,,,,,,,,,,,,,,,,,,,,,,,,
174,新光銀行 日本航空聯名卡,首年免年費,0%,於國內消費,0%,於日韓消費,,,,,,,,,,,,,,,,,,,,,,,,,
175,新光銀行 新光加油卡,首年免年費,0%,於國內消費,0%,於國外消費,,,,,,,,,,,,,,,,,,,,,,,,,
176,新光銀行 義大世界聯名卡,首年免年費,0%,於國內消費,0%,於國外消費,,,,,,,,,,,,,,,,,,,,,,,,,
177,星展銀行 飛行鈦金卡,首年免年費,0%,於國內消費,0%, ,,,,,,,,,,,,,,,,,,,,,,,,,
178,渣打銀行 TheShoppingCard分期卡,首年免年費,0%,於國內消費,0%,於國外消費,,,,,,,,,,,,,,,,,,,,,,,,,
179,渣打銀行 昇利卡(紅利回饋),首年免年費,0%,於國內消費,0%,於國外消費,,,,,,,,,,,,,,,,,,,,,,,,,
180,中國信託 秀泰聯名卡,首年免年費,0%,於國內消費,0%,於國外消費,,,,,,,,,,,,,,,,,,,,,,,,,
181,中國信託 中華電信聯名白金卡,首年免年費,0%,於國內消費,0%,於國外消費,,,,,,,,,,,,,,,,,,,,,,,,,
182,花旗銀行 紅利悠遊卡,首年免年費,0%,於國內消費,0%,於國外消費,,,,,,,,,,,,,,,,,,,,,,,,,
183,中國信託 蘭城新月廣場聯名卡,首年免年費,0%,於國內消費,0%,於國外消費,,,,,,,,,,,,,,,,,,,,,,,,,
184,新光銀行 分期7卡,首年免年費,0%,於國內消費,0%,於國外消費,,,,,,,,,,,,,,,,,,,,,,,,,
185,國泰世華 亞洲萬里通聯名里享卡,NT$0 ,0%,於國內消費,0%,於國外消費,,,,,,,,,,,,,,,,,,,,,,,,,
186,台新銀行 國泰航空鈦金卡,NT$0 ,0%,於國內消費,0%,於國外消費,,,,,,,,,,,,,,,,,,,,,,,,,
187,安泰銀行 分期卡,NT$0 ,0%,於國內消費,0%,於國外消費,,,,,,,,,,,,,,,,,,,,,,,,,
188,遠東商銀 New Century MC卡,NT$0 ,0%,於國內消費,0%,於國外消費,,,,,,,,,,,,,,,,,,,,,,,,,
189,遠東商銀 eTag 聯名卡,NT$0 ,0%,於國內消費,0%,於國外消費,,,,,,,,,,,,,,,,,,,,,,,,,
190,遠東商銀 華信航空聯名卡,NT$0 ,0%,於國內消費,0%,於國外消費,,,,,,,,,,,,,,,,,,,,,,,,,
191,華泰銀行 VISA旗艦卡,NT$0 ,0%,於國內消費,0%,於國外消費,,,,,,,,,,,,,,,,,,,,,,,,,
192,臺灣銀行 金采白金卡,NT$0 ,0%,於國內消費,0%,於國外消費,,,,,,,,,,,,,,,,,,,,,,,,,
193,兆豐銀行 統一7-ELEVEn獅聯名卡,NT$0 ,0%, ,0%, ,,,,,,,,,,,,,,,,,,,,,,,,,
194,永豐銀行 SPORT卡,NT$300 ,0%,於國內消費,0%,於國外消費,,,,,,,,,,,,,,,,,,,,,,,,,
195,玉山銀行 ATT 4 Fun 悠遊聯名卡,NT$300 ,0%,於國內消費,0%,於國外消費,,,,,,,,,,,,,,,,,,,,,,,,,
196,第一銀行 由你分期卡,NT$300 ,0%,於國內消費,0%,於國外消費,,,,,,,,,,,,,,,,,,,,,,,,,
197,第一銀行 曼黛瑪璉聯名卡,NT$300 ,0%,於國內消費,0%,於國外消費,,,,,,,,,,,,,,,,,,,,,,,,,
198,第一銀行 大同寶寶聯名卡,NT$300 ,0%,於國內消費,0%,於國外消費,,,,,,,,,,,,,,,,,,,,,,,,,
199,中國信託 南紡購物中心聯名卡,NT$300 ,0%,於國內消費,0%,於國外消費,,,,,,,,,,,,,,,,,,,,,,,,,
200,台新銀行 PayEasy聯名卡,NT$300 ,0%,於國內消費,0%,於國外消費,,,,,,,,,,,,,,,,,,,,,,,,,
201,新光銀行 美麗華百樂卡,NT$500 ,0%,於國內消費,0%,於國外消費,,,,,,,,,,,,,,,,,,,,,,,,,
202,"國泰世華 亞洲萬里通聯名白金卡
",NT$588 ,0%,於國內消費,0%,於國外消費,,,,,,,,,,,,,,,,,,,,,,,,,
203,玉山銀行 耐斯廣場NP聯名卡,NT$600 ,0%,於國內消費,0%,於國外消費,,,,,,,,,,,,,,,,,,,,,,,,,
204,第一銀行 資生堂SHISEIDO聯名卡,NT$600 ,0%,於國內消費,0%,於國外消費,,,,,,,,,,,,,,,,,,,,,,,,,
205,兆豐銀行 原子小金剛卡,NT$600 ,0%,於國內消費,0%,於國外消費,,,,,,,,,,,,,,,,,,,,,,,,,
206,兆豐銀行 生活工場聯名卡,NT$600 ,0%,於國內消費,0%,於國外消費,,,,,,,,,,,,,,,,,,,,,,,,,
207,元大銀行 新世代卡,NT$600 ,0%,於國內消費,0%,於國外消費,,,,,,,,,,,,,,,,,,,,,,,,,
208,國泰世華 遠東SOGO悠遊聯名卡,NT$600 ,0%,於國內消費,0%,於國外消費,,,,,,,,,,,,,,,,,,,,,,,,,
209,國泰世華 長榮聯名極致御璽卡,NT$800 ,0%,於國內消費,0%,於國外消費,,,,,,,,,,,,,,,,,,,,,,,,,
210,中國信託 享想生活卡,NT$888 ,0%,於國內消費,0%,於國外消費,,,,,,,,,,,,,,,,,,,,,,,,,
211,元大銀行 Life卡,NT$900 ,0%,於國內消費,0%,於國外消費,,,,,,,,,,,,,,,,,,,,,,,,,
212,元大銀行 一番卡,NT$900 ,0%,於國內消費,0%,於國外消費,,,,,,,,,,,,,,,,,,,,,,,,,
213,聯邦銀行 全國加油聯名卡,"NT$1,000 ",0%,於國內消費,0%,於國外消費,,,,,,,,,,,,,,,,,,,,,,,,,
214,聯邦銀行 Tiger City悠遊白金卡,"NT$1,000 ",0%,於國內消費,0%,於國外消費,,,,,,,,,,,,,,,,,,,,,,,,,
215,聯邦銀行 聯邦旅遊卡,"NT$1,000 ",0%,於國內消費,0%,於國外消費,,,,,,,,,,,,,,,,,,,,,,,,,
216,聯邦銀行 紅利卡,"NT$1,000 ",0%,於國內消費,0%,於國外消費,,,,,,,,,,,,,,,,,,,,,,,,,
217,聯邦銀行 泰航聯名卡,"NT$1,000 ",0%,於國內消費,0%,於國外消費,,,,,,,,,,,,,,,,,,,,,,,,,
218,聯邦銀行 凱撒飯店聯名卡,"NT$1,000 ",0%,於國內消費,0%,於國外消費,,,,,,,,,,,,,,,,,,,,,,,,,
219,遠東商銀  C'est Moi我的卡,"NT$1,200 ",0%,於國內消費,0%,於國外消費,,,,,,,,,,,,,,,,,,,,,,,,,
220,第一銀行 icash聯名卡,"NT$1,200 ",0%,於國內消費,0%,於國外消費,,,,,,,,,,,,,,,,,,,,,,,,,
221,第一銀行 菁英御璽卡,"NT$1,200 ",0%,於國內消費,0%,於國外消費,,,,,,,,,,,,,,,,,,,,,,,,,
222,第一銀行 尊榮白金卡,"NT$1,200 ",0%,於國內消費,0%,於國外消費,,,,,,,,,,,,,,,,,,,,,,,,,
223,第一銀行 悠遊聯名卡,"NT$1,200 ",0%,於國內消費,0%,於國外消費,,,,,,,,,,,,,,,,,,,,,,,,,
224,第一銀行 速邁樂聯名卡,"NT$1,200 ",0%,於國內消費,0%,於國外消費,,,,,,,,,,,,,,,,,,,,,,,,,
225,第一銀行 Living Green綠活卡,"NT$1,200 ",0%,於國內消費,0%,於國外消費,,,,,,,,,,,,,,,,,,,,,,,,,
226,華南銀行 LOVE晶緻悠遊聯名卡－寵愛紅卡,"NT$1,200 ",0%,於國內消費,0%,於國外消費,,,,,,,,,,,,,,,,,,,,,,,,,
227,華南銀行 美饌紅利卡 ,"NT$1,200 ",0%,於國內消費,0%,於國外消費,,,,,,,,,,,,,,,,,,,,,,,,,
228,華南銀行 優活YOHO晶緻卡,"NT$1,200 ",0%,於國內消費,0%,於國外消費,,,,,,,,,,,,,,,,,,,,,,,,,
229,華南銀行 Scottish House 聯名卡,"NT$1,200 ",0%,於國內消費,0%,於國外消費,,,,,,,,,,,,,,,,,,,,,,,,,
230,華南銀行 大甲媽祖認同卡,"NT$1,200 ",0%,於國內消費,0%,於國外消費,,,,,,,,,,,,,,,,,,,,,,,,,
231,華南銀行 OPENPOINT超級點數聯名卡-Hello Kitty款,"NT$1,200 ",0%,於國內消費,0%,於國外消費,,,,,,,,,,,,,,,,,,,,,,,,,
232,台北富邦 采盟聯名卡,"NT$1,500 ",0%,於國內消費,0%,於國外消費,,,,,,,,,,,,,,,,,,,,,,,,,
233,台北富邦 DHC聯名卡,"NT$1,500 ",0%,於國內消費,0%,於國外消費,,,,,,,,,,,,,,,,,,,,,,,,,
234,台北富邦 福華聯名卡,"NT$1,500 ",0%,於國內消費,0%,於國外消費,,,,,,,,,,,,,,,,,,,,,,,,,
235,台北富邦 國賓大飯店聯名卡,"NT$1,500 ",0%,於國內消費,0%,於國外消費,,,,,,,,,,,,,,,,,,,,,,,,,
236,台北富邦 麗嬰房聯名卡,"NT$1,500 ",0%,於國內消費,0%,於國外消費,,,,,,,,,,,,,,,,,,,,,,,,,
237,永豐銀行 美麗華卡,"NT$1,500 ",0%,於國內消費,0%,於國外消費,,,,,,,,,,,,,,,,,,,,,,,,,
238,陽信銀行 享利白金卡,"NT$1,500 ",0%,於國內消費,0%,於國外消費,,,,,,,,,,,,,,,,,,,,,,,,,
239,台北富邦 富邦悍將悠遊聯名卡,"NT$1,500 ",0%,於國內消費,0%,於國外消費,,,,,,,,,,,,,,,,,,,,,,,,,
240,中國信託 中油VIP聯名卡,"NT$1,500 ",0%,於國內消費,0%,於國外消費,,,,,,,,,,,,,,,,,,,,,,,,,
241,中國信託 MUJI無印良品聯名卡,"NT$1,500 ",0%,於國內消費,0%,於國外消費,,,,,,,,,,,,,,,,,,,,,,,,,
242,台北富邦 廣三SOGO聯名卡,"NT$1,500 ",0%,於國內消費,0%,於國外消費,,,,,,,,,,,,,,,,,,,,,,,,,
243,台北富邦 富利生活系列卡,"NT$1,500 ",0%,於國內消費,0%,於國外消費,,,,,,,,,,,,,,,,,,,,,,,,,
244,台北富邦 台茂聯名卡,"NT$1,500 ",0%,於國內消費,0%,於國外消費,,,,,,,,,,,,,,,,,,,,,,,,,
245,台新銀行 幸福加值卡,"NT$1,500 ",0%,於國內消費,0%,於國外消費,,,,,,,,,,,,,,,,,,,,,,,,,
246,中國信託 酷玩卡,"NT$1,800 ",0%,於國內消費,0%,於國外消費,,,,,,,,,,,,,,,,,,,,,,,,,
247,中國信託 勤美天地聯名晶緻卡,"NT$1,800 ",0%,於國內消費,0%,於國外消費,,,,,,,,,,,,,,,,,,,,,,,,,
248,中國信託 漢神百貨聯名卡,"NT$1,800 ",0%,於國內消費,0%,於國外消費,,,,,,,,,,,,,,,,,,,,,,,,,
249,中國信託 紅利御璽卡,"NT$1,800 ",0%,於國內消費,0%,於國外消費,,,,,,,,,,,,,,,,,,,,,,,,,
250,中國信託 大葉高島屋百貨聯名卡,"NT$1,800 ",0%,於國內消費,0%,於國外消費,,,,,,,,,,,,,,,,,,,,,,,,,
251,中國信託 大中華攜手飛聯名卡,"NT$1,800 ",0%,於國內消費,0%,於國外消費,,,,,,,,,,,,,,,,,,,,,,,,,
252,美國運通 國泰航空信用卡,"NT$1,800 ",0%,於國內消費,0%,於國外消費,,,,,,,,,,,,,,,,,,,,,,,,,
253,"國泰世華 亞洲萬里通聯名鈦商卡
","NT$1,800 ",0%,於國內消費,0%,於國外消費,,,,,,,,,,,,,,,,,,,,,,,,,
254,國泰世華 eTag 聯名卡,"NT$1,800 ",0%,於國內消費,0%,於國外消費,,,,,,,,,,,,,,,,,,,,,,,,,
255,國泰世華 雙幣卡,"NT$1,800 ",0%,於國內消費,0%,於國外消費,,,,,,,,,,,,,,,,,,,,,,,,,
256,國泰世華 鈦金商務卡,"NT$1,800 ",0%, ,0%, ,,,,,,,,,,,,,,,,,,,,,,,,,
257,國泰世華 尊榮御璽卡,"NT$1,800 ",0%, ,0%, ,,,,,,,,,,,,,,,,,,,,,,,,,
258,中國信託 ANA晶緻聯名卡 ,"NT$2,000 ",0%,於國內消費,0%,於國外消費,,,,,,,,,,,,,,,,,,,,,,,,,
259,聯邦銀行 美華泰聯名卡,"NT$2,000 ",0%,於國內消費,0%,於國外消費,,,,,,,,,,,,,,,,,,,,,,,,,
260,花旗銀行 新世代花旗饗樂生活悠遊卡,"NT$2,400 ",0%,於國內消費,0%,於國外消費,,,,,,,,,,,,,,,,,,,,,,,,,
261,台新銀行 國泰航空翱翔鈦金卡,"NT$2,400 ",0%,於國內消費,0%,於國外消費,,,,,,,,,,,,,,,,,,,,,,,,,
262,國泰世華 長榮聯名無限卡,"NT$2,400 ",0%,於國內消費,0%,於國外消費,,,,,,,,,,,,,,,,,,,,,,,,,
263,花旗銀行 寰旅世界悠遊卡 ,"NT$2,400 ",0%,於國內消費,0%,於國外消費,,,,,,,,,,,,,,,,,,,,,,,,,
264,永豐銀行 保倍卡,"NT$3,000 ",0%,於國內消費,0%,外幣消費享「1%現金回饋」無上限，2019/3/31前同時參加【外幣刷永豐優惠活動】，最高可享4%回饋,,,,,,,,,,,,,,,,,,,,,,,,,
265,玉山銀行 統領百貨悠遊聯名卡,"NT$3,000 ",0%,於國內消費,0%,於國外消費,,,,,,,,,,,,,,,,,,,,,,,,,
266,玉山銀行 華歌爾悠遊聯名卡,"NT$3,000 ",0%,於國內消費,0%,於國外消費,,,,,,,,,,,,,,,,,,,,,,,,,
267,兆豐銀行 歐付寶悠遊聯名卡,"NT$3,000 ",0%,於國內消費,0%,於國外消費,,,,,,,,,,,,,,,,,,,,,,,,,
268,永豐銀行 科士威聯名卡,"NT$3,000 ",0%,於國內消費,0%,於國外消費,,,,,,,,,,,,,,,,,,,,,,,,,
269,美國運通 簽帳金卡,"NT$3,000 ",0%,於國內消費,0%,於國外消費,,,,,,,,,,,,,,,,,,,,,,,,,
270,美國運通 新加坡航空天宇信用卡,"NT$3,000 ",0%,於國內消費,0%,於國外消費,,,,,,,,,,,,,,,,,,,,,,,,,
271,永豐銀行 MITSUI OUTLET PARK卡,"NT$3,000 ",0%,於國內消費,0%,於國外消費,,,,,,,,,,,,,,,,,,,,,,,,,
272,台北富邦 商務卡,"NT$3,000 ",0%,於國內消費,0%,於國外消費,,,,,,,,,,,,,,,,,,,,,,,,,
273,星展銀行 飛行世界卡,"NT$3,600 ",0%, ,0%, ,,,,,,,,,,,,,,,,,,,,,,,,,
274,美國運通 長榮航空簽帳金卡,"NT$5,000 ",0%,於國內消費,0%,於國外消費,,,,,,,,,,,,,,,,,,,,,,,,,
275,中國信託 鼎極卡,"NT$5,000 ",0%,於國內消費,0%,於國外消費,,,,,,,,,,,,,,,,,,,,,,,,,
276,中國信託 ANA極緻聯名卡,"NT$6,600 ",0%,於國內消費,0%,於國外消費,,,,,,,,,,,,,,,,,,,,,,,,,
277,"國泰世華 亞洲萬里通聯名世界卡
","NT$8,000 ",0%,於國內消費,0%,於國外消費,,,,,,,,,,,,,,,,,,,,,,,,,
278,聯邦銀行 大立無限卡,"NT$8,000 ",0%,於國內消費,0%,於國外消費,,,,,,,,,,,,,,,,,,,,,,,,,
279,美國運通 信用白金卡,"NT$8,500 ",0%,於國內消費,0%,於國外消費,,,,,,,,,,,,,,,,,,,,,,,,,
280,華南銀行 The ONE 尊榮無限卡,"NT$12,000 ",0%,於國內消費,0%,於國外消費,,,,,,,,,,,,,,,,,,,,,,,,,
281,台新銀行 國泰航空世界卡,"NT$20,000 ",0%,於國內消費,0%,於國外消費,,,,,,,,,,,,,,,,,,,,,,,,,
282,國泰世華 長榮聯名極致無限卡,"NT$20,000 ",0%,於國內消費,0%,於國外消費,,,,,,,,,,,,,,,,,,,,,,,,,
283,國泰世華 世界卡,"NT$20,000 ",0%,於國內消費,0%,於國外消費,,,,,,,,,,,,,,,,,,,,,,,,,
284,花旗銀行 Citi Prestige,"NT$24,000 ",0%,於國內消費,0%,於國外消費,,,,,,,,,,,,,,,,,,,,,,,,,
285,美國運通 長榮航空簽帳白金卡,"NT$35,000 ",0%,於國內消費,0%,於國外消費,,,,,,,,,,,,,,,,,,,,,,,,,
286,玉山銀行 玉山Only卡,首年免年費,不適用, ,不適用, ,,,,,,,,,,,,,,,,,,,,,,,,,
287,玉山銀行 弘安藥衖p名卡,首年免年費,不適用, ,不適用, ,,,,,,,,,,,,,,,,,,,,,,,,,
288,玉山銀行 臺北南山廣場聯名卡,首年免年費,不適用, ,不適用, ,,,,,,,,,,,,,,,,,,,,,,,,,
289,玉山銀行 大江聯名卡,首年免年費,不適用, ,不適用, ,,,,,,,,,,,,,,,,,,,,,,,,,
290,玉山銀行 蘭城新月聯名卡,首年免年費,不適用, ,不適用, ,,,,,,,,,,,,,,,,,,,,,,,,,
291,玉山銀行 啄木鳥悠遊聯名卡,NT$300 ,不適用, ,不適用, ,,,,,,,,,,,,,,,,,,,,,,,,,
292,國泰世華 白金卡,"NT$1,800 ",不適用, ,不適用, ,,,,,,,,,,,,,,,,,,,,,,,,,
293,美國運通 簽帳卡,"NT$1,800 ",不適用, ,不適用, ,,,,,,,,,,,,,,,,,,,,,,,,,
294,美國運通 信用金卡,"NT$2,400 ",不適用, ,不適用, ,,,,,,,,,,,,,,,,,,,,,,,,,
295,凱基銀行 無限卡,"NT$5,000 ",不適用, ,不適用, ,,,,,,,,,,,,,,,,,,,,,,,,,
296,美國運通 國泰航空尊尚信用卡,"NT$5,000 ",不適用, ,不適用, ,,,,,,,,,,,,,,,,,,,,,,,,,
